Al,"22/08/2025"
 
Ticker dell'emittente,Nome,Settore,Asset Class,Valore di mercato,Ponderazione (%),Valore nozionale,Nominale,Prezzo,Area Geografica,Cambio,Valuta di mercato
"AVGO","BROADCOM INC","IT","Azionario","142.055.802,00","4,35","142.055.802,00","483.183,00","294,00","Stati Uniti","NASDAQ","USD"
"NFLX","NETFLIX INC","Comunicazione","Azionario","115.474.135,05","3,53","115.474.135,05","95.857,00","1.204,65","Stati Uniti","NASDAQ","USD"
"BRKB","BERKSHIRE HATHAWAY INC CLASS B","Finanziari","Azionario","109.747.737,00","3,36","109.747.737,00","224.433,00","489,00","Stati Uniti","New York Stock Exchange Inc.","USD"
"PLTR","PALANTIR TECHNOLOGIES INC CLASS A","IT","Azionario","98.544.204,60","3,01","98.544.204,60","620.790,00","158,74","Stati Uniti","NASDAQ","USD"
"JPM","JPMORGAN CHASE & CO","Finanziari","Azionario","90.503.689,92","2,77","90.503.689,92","305.508,00","296,24","Stati Uniti","New York Stock Exchange Inc.","USD"
"V","VISA INC CLASS A","Finanziari","Azionario","90.014.886,24","2,75","90.014.886,24","257.156,00","350,04","Stati Uniti","New York Stock Exchange Inc.","USD"
"WMT","WALMART INC","Generi di largo consumo","Azionario","82.844.552,61","2,53","82.844.552,61","855.567,00","96,83","Stati Uniti","New York Stock Exchange Inc.","USD"
"PM","PHILIP MORRIS INTERNATIONAL INC","Generi di largo consumo","Azionario","68.872.952,25","2,11","68.872.952,25","401.007,00","171,75","Stati Uniti","New York Stock Exchange Inc.","USD"
"COST","COSTCO WHOLESALE CORP","Generi di largo consumo","Azionario","57.226.755,08","1,75","57.226.755,08","59.702,00","958,54","Stati Uniti","NASDAQ","USD"
"SAP","SAP","IT","Azionario","50.241.110,14","1,54","50.241.110,14","184.330,00","272,56","Germania","Xetra","EUR"
"LLY","ELI LILLY","Salute","Azionario","47.935.206,40","1,47","47.935.206,40","67.355,00","711,68","Stati Uniti","New York Stock Exchange Inc.","USD"
"GEV","GE VERNOVA INC","Industriali","Azionario","45.490.183,38","1,39","45.490.183,38","74.934,00","607,07","Stati Uniti","New York Stock Exchange Inc.","USD"
"T","AT&T INC","Comunicazione","Azionario","40.857.053,79","1,25","40.857.053,79","1.420.127,00","28,77","Stati Uniti","New York Stock Exchange Inc.","USD"
"IBM","INTERNATIONAL BUSINESS MACHINES CO","IT","Azionario","35.677.771,66","1,09","35.677.771,66","147.374,00","242,09","Stati Uniti","New York Stock Exchange Inc.","USD"
"ALV","ALLIANZ","Finanziari","Azionario","34.551.284,67","1,06","34.551.284,67","79.050,00","437,08","Germania","Xetra","EUR"
"6758","SONY GROUP CORP","Consumi Discrezionali","Azionario","33.442.058,49","1,02","33.442.058,49","1.163.500,00","28,74","Giappone","Tokyo Stock Exchange","JPY"
"CBA","COMMONWEALTH BANK OF AUSTRALIA","Finanziari","Azionario","33.248.455,41","1,02","33.248.455,41","296.266,00","112,23","Australia","Asx - All Markets","AUD"
"GE","GE AEROSPACE","Industriali","Azionario","31.650.704,03","0,97","31.650.704,03","118.751,00","266,53","Stati Uniti","New York Stock Exchange Inc.","USD"
"BSX","BOSTON SCIENTIFIC CORP","Salute","Azionario","28.854.351,75","0,88","28.854.351,75","271.775,00","106,17","Stati Uniti","New York Stock Exchange Inc.","USD"
"GILD","GILEAD SCIENCES INC","Salute","Azionario","26.884.757,73","0,82","26.884.757,73","234.249,00","114,77","Stati Uniti","NASDAQ","USD"
"SPOT","SPOTIFY TECHNOLOGY SA","Comunicazione","Azionario","26.423.708,70","0,81","26.423.708,70","38.130,00","692,99","Svezia","New York Stock Exchange Inc.","USD"
"7974","NINTENDO LTD","Comunicazione","Azionario","26.226.032,48","0,80","26.226.032,48","279.900,00","93,70","Giappone","Tokyo Stock Exchange","JPY"
"SAN","BANCO SANTANDER SA","Finanziari","Azionario","25.001.441,33","0,76","25.001.441,33","2.565.648,00","9,74","Spagna","Bolsa De Madrid","EUR"
"RHM","RHEINMETALL AG","Industriali","Azionario","24.638.240,43","0,75","24.638.240,43","12.959,00","1.901,24","Germania","Xetra","EUR"
"DTE","DEUTSCHE TELEKOM N AG","Comunicazione","Azionario","24.514.751,76","0,75","24.514.751,76","665.625,00","36,83","Germania","Xetra","EUR"
"RR.","ROLLS-ROYCE HOLDINGS PLC","Industriali","Azionario","24.064.772,10","0,74","24.064.772,10","1.705.989,00","14,11","Regno unito","London Stock Exchange","GBP"
"IBE","IBERDROLA SA","Imprese di servizi di pubblica utilità","Azionario","23.876.251,78","0,73","23.876.251,78","1.226.344,00","19,47","Spagna","Bolsa De Madrid","EUR"
"APP","APPLOVIN CORP CLASS A","IT","Azionario","23.704.523,92","0,73","23.704.523,92","53.669,00","441,68","Stati Uniti","NASDAQ","USD"
"ROG","ROCHE HOLDING PAR AG","Salute","Azionario","23.652.936,81","0,72","23.652.936,81","72.501,00","326,24","Svizzera","SIX Swiss Exchange","CHF"
"BKNG","BOOKING HOLDINGS INC","Consumi Discrezionali","Azionario","23.575.705,27","0,72","23.575.705,27","4.121,00","5.720,87","Stati Uniti","NASDAQ","USD"
"GS","GOLDMAN SACHS GROUP INC","Finanziari","Azionario","22.399.884,77","0,69","22.399.884,77","30.193,00","741,89","Stati Uniti","New York Stock Exchange Inc.","USD"
"TJX","TJX INC","Consumi Discrezionali","Azionario","22.305.447,48","0,68","22.305.447,48","163.362,00","136,54","Stati Uniti","New York Stock Exchange Inc.","USD"
"ENR","SIEMENS ENERGY N AG","Industriali","Azionario","21.506.425,06","0,66","21.506.425,06","197.560,00","108,86","Germania","Xetra","EUR"
"HOOD","ROBINHOOD MARKETS INC CLASS A","Finanziari","Azionario","21.437.761,32","0,66","21.437.761,32","196.101,00","109,32","Stati Uniti","NASDAQ","USD"
"BATS","BRITISH AMERICAN TOBACCO","Generi di largo consumo","Azionario","20.640.251,08","0,63","20.640.251,08","353.682,00","58,36","Regno unito","London Stock Exchange","GBP"
"PGR","PROGRESSIVE CORP","Finanziari","Azionario","20.222.145,45","0,62","20.222.145,45","81.145,00","249,21","Stati Uniti","New York Stock Exchange Inc.","USD"
"RTX","RTX CORP","Industriali","Azionario","19.804.669,92","0,61","19.804.669,92","126.758,00","156,24","Stati Uniti","New York Stock Exchange Inc.","USD"
"RY","ROYAL BANK OF CANADA","Finanziari","Azionario","19.482.281,58","0,60","19.482.281,58","141.373,00","137,81","Canada","Toronto Stock Exchange","CAD"
"MSTR","STRATEGY INC CLASS A","IT","Azionario","19.291.388,71","0,59","19.291.388,71","53.867,00","358,13","Stati Uniti","NASDAQ","USD"
"ZURN","ZURICH INSURANCE GROUP AG","Finanziari","Azionario","18.600.469,09","0,57","18.600.469,09","25.142,00","739,82","Svizzera","SIX Swiss Exchange","CHF"
"MUV2","MUENCHENER RUECKVERSICHERUNGS-GESE","Finanziari","Azionario","18.195.464,32","0,56","18.195.464,32","27.978,00","650,35","Germania","Xetra","EUR"
"CME","CME GROUP INC CLASS A","Finanziari","Azionario","18.054.066,72","0,55","18.054.066,72","66.986,00","269,52","Stati Uniti","NASDAQ","USD"
"TMUS","T MOBILE US INC","Comunicazione","Azionario","17.979.907,85","0,55","17.979.907,85","71.363,00","251,95","Stati Uniti","NASDAQ","USD"
"ISRG","INTUITIVE SURGICAL INC","Salute","Azionario","17.320.796,16","0,53","17.320.796,16","36.376,00","476,16","Stati Uniti","NASDAQ","USD"
"WELL","WELLTOWER INC","Immobili","Azionario","17.277.646,68","0,53","17.277.646,68","105.076,00","164,43","Stati Uniti","New York Stock Exchange Inc.","USD"
"ENB","ENBRIDGE INC","Energia","Azionario","17.221.587,60","0,53","17.221.587,60","359.192,00","47,95","Canada","Toronto Stock Exchange","CAD"
"MCK","MCKESSON CORP","Salute","Azionario","16.993.563,60","0,52","16.993.563,60","24.648,00","689,45","Stati Uniti","New York Stock Exchange Inc.","USD"
"UCG","UNICREDIT","Finanziari","Azionario","16.779.663,22","0,51","16.779.663,22","206.960,00","81,08","Italia","Borsa Italiana","EUR"
"NOW","SERVICENOW INC","IT","Azionario","16.717.011,00","0,51","16.717.011,00","18.852,00","886,75","Stati Uniti","New York Stock Exchange Inc.","USD"
"HWM","HOWMET AEROSPACE INC","Industriali","Azionario","16.715.250,00","0,51","16.715.250,00","97.750,00","171,00","Stati Uniti","New York Stock Exchange Inc.","USD"
"DB1","DEUTSCHE BOERSE AG","Finanziari","Azionario","16.204.736,66","0,50","16.204.736,66","53.830,00","301,03","Germania","Xetra","EUR"
"SPGI","S&P GLOBAL INC","Finanziari","Azionario","15.349.342,84","0,47","15.349.342,84","27.574,00","556,66","Stati Uniti","New York Stock Exchange Inc.","USD"
"BBVA","BANCO BILBAO VIZCAYA ARGENTARIA SA","Finanziari","Azionario","15.331.537,04","0,47","15.331.537,04","795.123,00","19,28","Spagna","Bolsa De Madrid","EUR"
"7011","MITSUBISHI HEAVY INDUSTRIES LTD","Industriali","Azionario","15.286.081,51","0,47","15.286.081,51","587.500,00","26,02","Giappone","Tokyo Stock Exchange","JPY"
"APH","AMPHENOL CORP CLASS A","IT","Azionario","15.125.253,52","0,46","15.125.253,52","138.307,00","109,36","Stati Uniti","New York Stock Exchange Inc.","USD"
"MO","ALTRIA GROUP INC","Generi di largo consumo","Azionario","15.063.545,01","0,46","15.063.545,01","222.603,00","67,67","Stati Uniti","New York Stock Exchange Inc.","USD"
"AEM","AGNICO EAGLE MINES LTD","Materiali","Azionario","15.058.790,11","0,46","15.058.790,11","109.746,00","137,21","Canada","Toronto Stock Exchange","CAD"
"MS","MORGAN STANLEY","Finanziari","Azionario","14.996.350,26","0,46","14.996.350,26","101.313,00","148,02","Stati Uniti","New York Stock Exchange Inc.","USD"
"ORLY","OREILLY AUTOMOTIVE INC","Consumi Discrezionali","Azionario","14.735.811,61","0,45","14.735.811,61","144.031,00","102,31","Stati Uniti","NASDAQ","USD"
"CRWD","CROWDSTRIKE HOLDINGS INC CLASS A","IT","Azionario","14.519.488,75","0,44","14.519.488,75","34.525,00","420,55","Stati Uniti","NASDAQ","USD"
"ISP","INTESA SANPAOLO","Finanziari","Azionario","14.091.374,94","0,43","14.091.374,94","2.131.409,00","6,61","Italia","Borsa Italiana","EUR"
"DBK","DEUTSCHE BANK AG","Finanziari","Azionario","13.643.227,79","0,42","13.643.227,79","367.286,00","37,15","Germania","Xetra","EUR"
"EL","ESSILORLUXOTTICA SA","Salute","Azionario","13.444.014,53","0,41","13.444.014,53","42.180,00","318,73","Francia","Nyse Euronext - Euronext Paris","EUR"
"CS","AXA SA","Finanziari","Azionario","13.321.016,58","0,41","13.321.016,58","266.917,00","49,91","Francia","Nyse Euronext - Euronext Paris","EUR"
"LLOY","LLOYDS BANKING GROUP PLC","Finanziari","Azionario","12.931.607,26","0,40","12.931.607,26","11.369.341,00","1,14","Regno unito","London Stock Exchange","GBP"
"BA.","BAE SYSTEMS PLC","Industriali","Azionario","12.709.813,60","0,39","12.709.813,60","532.745,00","23,86","Regno unito","London Stock Exchange","GBP"
"GLE","SOCIETE GENERALE SA","Finanziari","Azionario","12.631.311,98","0,39","12.631.311,98","186.366,00","67,78","Francia","Nyse Euronext - Euronext Paris","EUR"
"SREN","SWISS RE AG","Finanziari","Azionario","12.611.204,67","0,39","12.611.204,67","68.742,00","183,46","Svizzera","SIX Swiss Exchange","CHF"
"ICE","INTERCONTINENTAL EXCHANGE INC","Finanziari","Azionario","12.030.995,97","0,37","12.030.995,97","66.591,00","180,67","Stati Uniti","New York Stock Exchange Inc.","USD"
"SE","SEA ADS REPRESENTING LTD CLASS A","Comunicazione","Azionario","12.005.646,30","0,37","12.005.646,30","64.710,00","185,53","Singapore","New York Stock Exchange Inc.","USD"
"REL","RELX PLC","Industriali","Azionario","11.994.591,25","0,37","11.994.591,25","247.455,00","48,47","Regno unito","London Stock Exchange","GBP"
"AJG","ARTHUR J GALLAGHER","Finanziari","Azionario","11.275.801,81","0,34","11.275.801,81","37.193,00","303,17","Stati Uniti","New York Stock Exchange Inc.","USD"
"BARC","BARCLAYS PLC","Finanziari","Azionario","11.141.740,59","0,34","11.141.740,59","2.188.389,00","5,09","Regno unito","London Stock Exchange","GBP"
"CSU","CONSTELLATION SOFTWARE INC","IT","Azionario","10.718.245,47","0,33","10.718.245,47","3.259,00","3.288,81","Canada","Toronto Stock Exchange","CAD"
"BN","DANONE SA","Generi di largo consumo","Azionario","10.620.121,60","0,32","10.620.121,60","123.745,00","85,82","Francia","Nyse Euronext - Euronext Paris","EUR"
"WMB","WILLIAMS INC","Energia","Azionario","10.524.506,98","0,32","10.524.506,98","184.414,00","57,07","Stati Uniti","New York Stock Exchange Inc.","USD"
"III","3I GROUP PLC","Finanziari","Azionario","10.504.862,57","0,32","10.504.862,57","188.985,00","55,59","Regno unito","London Stock Exchange","GBP"
"NWG","NATWEST GROUP PLC","Finanziari","Azionario","10.477.838,36","0,32","10.477.838,36","1.377.543,00","7,61","Regno unito","London Stock Exchange","GBP"
"DUK","DUKE ENERGY CORP","Imprese di servizi di pubblica utilità","Azionario","10.270.857,02","0,31","10.270.857,02","82.603,00","124,34","Stati Uniti","New York Stock Exchange Inc.","USD"
"MMM","3M","Industriali","Azionario","10.107.607,04","0,31","10.107.607,04","63.682,00","158,72","Stati Uniti","New York Stock Exchange Inc.","USD"
"AZO","AUTOZONE INC","Consumi Discrezionali","Azionario","10.029.888,40","0,31","10.029.888,40","2.440,00","4.110,61","Stati Uniti","New York Stock Exchange Inc.","USD"
"BK","BANK OF NEW YORK MELLON CORP","Finanziari","Azionario","9.964.221,96","0,30","9.964.221,96","97.174,00","102,54","Stati Uniti","New York Stock Exchange Inc.","USD"
"SO","SOUTHERN","Imprese di servizi di pubblica utilità","Azionario","9.923.423,36","0,30","9.923.423,36","105.032,00","94,48","Stati Uniti","New York Stock Exchange Inc.","USD"
"AXON","AXON ENTERPRISE INC","Industriali","Azionario","9.873.768,64","0,30","9.873.768,64","12.886,00","766,24","Stati Uniti","NASDAQ","USD"
"D05","DBS GROUP HOLDINGS LTD","Finanziari","Azionario","9.853.387,46","0,30","9.853.387,46","248.400,00","39,67","Singapore","Singapore Exchange","SGD"
"RSG","REPUBLIC SERVICES INC","Industriali","Azionario","9.840.737,04","0,30","9.840.737,04","41.997,00","234,32","Stati Uniti","New York Stock Exchange Inc.","USD"
"DG","VINCI SA","Industriali","Azionario","9.522.311,63","0,29","9.522.311,63","62.994,00","151,16","Francia","Nyse Euronext - Euronext Paris","EUR"
"IMB","IMPERIAL BRANDS PLC","Generi di largo consumo","Azionario","9.472.832,91","0,29","9.472.832,91","224.278,00","42,24","Regno unito","London Stock Exchange","GBP"
"HEI","HEIDELBERG MATERIALS AG","Materiali","Azionario","9.362.443,19","0,29","9.362.443,19","39.378,00","237,76","Germania","Xetra","EUR"
"RCL","ROYAL CARIBBEAN GROUP LTD","Consumi Discrezionali","Azionario","9.149.265,15","0,28","9.149.265,15","26.545,00","344,67","Stati Uniti","New York Stock Exchange Inc.","USD"
"BN","BROOKFIELD CORP CLASS A","Finanziari","Azionario","9.050.765,69","0,28","9.050.765,69","137.355,00","65,89","Canada","Toronto Stock Exchange","CAD"
"8316","SUMITOMO MITSUI FINANCIAL GROUP IN","Finanziari","Azionario","9.001.246,81","0,28","9.001.246,81","320.300,00","28,10","Giappone","Tokyo Stock Exchange","JPY"
"TTWO","TAKE TWO INTERACTIVE SOFTWARE INC","Comunicazione","Azionario","8.957.363,30","0,27","8.957.363,30","39.110,00","229,03","Stati Uniti","NASDAQ","USD"
"WBC","WESTPAC BANKING CORPORATION CORP","Finanziari","Azionario","8.788.924,74","0,27","8.788.924,74","347.255,00","25,31","Australia","Asx - All Markets","AUD"
"RBLX","ROBLOX CORP CLASS A","Comunicazione","Azionario","8.736.201,76","0,27","8.736.201,76","74.338,00","117,52","Stati Uniti","New York Stock Exchange Inc.","USD"
"TRP","TC ENERGY CORP","Energia","Azionario","8.637.656,29","0,26","8.637.656,29","168.782,00","51,18","Canada","Toronto Stock Exchange","CAD"
"COR","CENCORA INC","Salute","Azionario","8.614.436,60","0,26","8.614.436,60","29.441,00","292,60","Stati Uniti","New York Stock Exchange Inc.","USD"
"LSEG","LONDON STOCK EXCHANGE GROUP PLC","Finanziari","Azionario","8.494.061,79","0,26","8.494.061,79","66.362,00","128,00","Regno unito","London Stock Exchange","GBP"
"CM","CANADIAN IMPERIAL BANK OF COMMERCE","Finanziari","Azionario","8.224.248,47","0,25","8.224.248,47","112.407,00","73,16","Canada","Toronto Stock Exchange","CAD"
"TT","TRANE TECHNOLOGIES PLC","Industriali","Azionario","8.173.023,81","0,25","8.173.023,81","19.271,00","424,11","Stati Uniti","New York Stock Exchange Inc.","USD"
"FTNT","FORTINET INC","IT","Azionario","8.084.420,60","0,25","8.084.420,60","101.030,00","80,02","Stati Uniti","NASDAQ","USD"
"CTAS","CINTAS CORP","Industriali","Azionario","7.881.108,04","0,24","7.881.108,04","36.556,00","215,59","Stati Uniti","NASDAQ","USD"
"LNG","CHENIERE ENERGY INC","Energia","Azionario","7.738.517,00","0,24","7.738.517,00","32.575,00","237,56","Stati Uniti","New York Stock Exchange Inc.","USD"
"WPM","WHEATON PRECIOUS METALS CORP","Materiali","Azionario","7.714.276,97","0,24","7.714.276,97","80.753,00","95,53","Canada","Toronto Stock Exchange","CAD"
"KR","KROGER","Generi di largo consumo","Azionario","7.639.218,32","0,23","7.639.218,32","109.822,00","69,56","Stati Uniti","New York Stock Exchange Inc.","USD"
"TDG","TRANSDIGM GROUP INC","Industriali","Azionario","7.635.261,66","0,23","7.635.261,66","5.421,00","1.408,46","Stati Uniti","New York Stock Exchange Inc.","USD"
"JCI","JOHNSON CONTROLS INTERNATIONAL PLC","Industriali","Azionario","7.564.618,76","0,23","7.564.618,76","70.526,00","107,26","Stati Uniti","New York Stock Exchange Inc.","USD"
"DOL","DOLLARAMA INC","Consumi Discrezionali","Azionario","7.403.329,50","0,23","7.403.329,50","52.972,00","139,76","Canada","Toronto Stock Exchange","CAD"
"8766","TOKIO MARINE HOLDINGS INC","Finanziari","Azionario","7.284.493,55","0,22","7.284.493,55","162.900,00","44,72","Giappone","Tokyo Stock Exchange","JPY"
"VST","VISTRA CORP","Imprese di servizi di pubblica utilità","Azionario","7.279.381,20","0,22","7.279.381,20","38.220,00","190,46","Stati Uniti","New York Stock Exchange Inc.","USD"
"KMI","KINDER MORGAN INC","Energia","Azionario","7.245.819,30","0,22","7.245.819,30","271.379,00","26,70","Stati Uniti","New York Stock Exchange Inc.","USD"
"6701","NEC CORP","IT","Azionario","7.121.865,79","0,22","7.121.865,79","225.600,00","31,57","Giappone","Tokyo Stock Exchange","JPY"
"AEP","AMERICAN ELECTRIC POWER INC","Imprese di servizi di pubblica utilità","Azionario","7.114.049,86","0,22","7.114.049,86","62.393,00","114,02","Stati Uniti","NASDAQ","USD"
"9434","SOFTBANK CORP","Comunicazione","Azionario","7.076.716,08","0,22","7.076.716,08","4.305.100,00","1,64","Giappone","Tokyo Stock Exchange","JPY"
"TRV","TRAVELERS COMPANIES INC","Finanziari","Azionario","6.944.272,86","0,21","6.944.272,86","25.134,00","276,29","Stati Uniti","New York Stock Exchange Inc.","USD"
"CBK","COMMERZBANK AG","Finanziari","Azionario","6.914.894,29","0,21","6.914.894,29","161.851,00","42,72","Germania","Xetra","EUR"
"G","ASSICURAZIONI GENERALI","Finanziari","Azionario","6.889.373,49","0,21","6.889.373,49","170.316,00","40,45","Italia","Borsa Italiana","EUR"
"MSI","MOTOROLA SOLUTIONS INC","IT","Azionario","6.809.477,22","0,21","6.809.477,22","14.742,00","461,91","Stati Uniti","New York Stock Exchange Inc.","USD"
"VRSN","VERISIGN INC","IT","Azionario","6.697.778,40","0,20","6.697.778,40","24.848,00","269,55","Stati Uniti","NASDAQ","USD"
"EOAN","E.ON N","Imprese di servizi di pubblica utilità","Azionario","6.654.999,52","0,20","6.654.999,52","367.711,00","18,10","Germania","Xetra","EUR"
"AD","KONINKLIJKE AHOLD DELHAIZE NV","Generi di largo consumo","Azionario","6.598.602,72","0,20","6.598.602,72","160.661,00","41,07","Paesi Bassi","Euronext Amsterdam","EUR"
"ALNY","ALNYLAM PHARMACEUTICALS INC","Salute","Azionario","6.594.416,94","0,20","6.594.416,94","14.513,00","454,38","Stati Uniti","NASDAQ","USD"
"CAH","CARDINAL HEALTH INC","Salute","Azionario","6.579.638,70","0,20","6.579.638,70","44.427,00","148,10","Stati Uniti","New York Stock Exchange Inc.","USD"
"LUMI","BANK LEUMI LE ISRAEL","Finanziari","Azionario","6.442.649,56","0,20","6.442.649,56","348.831,00","18,47","Israele","Tel Aviv Stock Exchange","ILS"
"FFH","FAIRFAX FINANCIAL HOLDINGS SUB VOT","Finanziari","Azionario","6.433.658,42","0,20","6.433.658,42","3.666,00","1.754,95","Canada","Toronto Stock Exchange","CAD"
"IFC","INTACT FINANCIAL CORP","Finanziari","Azionario","6.423.350,72","0,20","6.423.350,72","31.795,00","202,02","Canada","Toronto Stock Exchange","CAD"
"ETR","ENTERGY CORP","Imprese di servizi di pubblica utilità","Azionario","6.403.174,40","0,20","6.403.174,40","71.680,00","89,33","Stati Uniti","New York Stock Exchange Inc.","USD"
"LDO","LEONARDO FINMECCANICA SPA","Industriali","Azionario","6.402.272,03","0,20","6.402.272,03","115.388,00","55,48","Italia","Borsa Italiana","EUR"
"CVNA","CARVANA CLASS A","Consumi Discrezionali","Azionario","6.356.494,65","0,19","6.356.494,65","17.765,00","357,81","Stati Uniti","New York Stock Exchange Inc.","USD"
"HO","THALES SA","Industriali","Azionario","6.230.322,80","0,19","6.230.322,80","22.888,00","272,21","Francia","Nyse Euronext - Euronext Paris","EUR"
"8630","SOMPO HOLDINGS INC","Finanziari","Azionario","6.203.709,78","0,19","6.203.709,78","193.100,00","32,13","Giappone","Tokyo Stock Exchange","JPY"
"FNV","FRANCO NEVADA CORP","Materiali","Azionario","6.182.474,21","0,19","6.182.474,21","33.429,00","184,94","Canada","Toronto Stock Exchange","CAD"
"EXC","EXELON CORP","Imprese di servizi di pubblica utilità","Azionario","6.177.279,20","0,19","6.177.279,20","137.395,00","44,96","Stati Uniti","NASDAQ","USD"
"AFL","AFLAC INC","Finanziari","Azionario","6.166.384,84","0,19","6.166.384,84","56.854,00","108,46","Stati Uniti","New York Stock Exchange Inc.","USD"
"MFC","MANULIFE FINANCIAL CORP","Finanziari","Azionario","6.106.710,90","0,19","6.106.710,90","198.831,00","30,71","Canada","Toronto Stock Exchange","CAD"
"STAN","STANDARD CHARTERED PLC","Finanziari","Azionario","5.825.327,73","0,18","5.825.327,73","303.969,00","19,16","Regno unito","London Stock Exchange","GBP"
"CABK","CAIXABANK SA","Finanziari","Azionario","5.792.704,22","0,18","5.792.704,22","562.136,00","10,30","Spagna","Bolsa De Madrid","EUR"
"Z74","SINGAPORE TELECOMMUNICATIONS LTD","Comunicazione","Azionario","5.788.648,61","0,18","5.788.648,61","1.765.400,00","3,28","Singapore","Singapore Exchange","SGD"
"EBAY","EBAY INC","Consumi Discrezionali","Azionario","5.735.709,76","0,18","5.735.709,76","57.808,00","99,22","Stati Uniti","NASDAQ","USD"
"K","KINROSS GOLD CORP","Materiali","Azionario","5.654.045,90","0,17","5.654.045,90","288.638,00","19,59","Canada","Toronto Stock Exchange","CAD"
"SLHN","SWISS LIFE HOLDING AG","Finanziari","Azionario","5.626.727,72","0,17","5.626.727,72","5.009,00","1.123,32","Svizzera","SIX Swiss Exchange","CHF"
"L","LOBLAW COMPANIES LTD","Generi di largo consumo","Azionario","5.563.011,60","0,17","5.563.011,60","135.305,00","41,11","Canada","Toronto Stock Exchange","CAD"
"ORA","ORANGE SA","Comunicazione","Azionario","5.513.082,48","0,17","5.513.082,48","324.917,00","16,97","Francia","Nyse Euronext - Euronext Paris","EUR"
"7832","BANDAI NAMCO HOLDINGS INC","Consumi Discrezionali","Azionario","5.430.669,71","0,17","5.430.669,71","146.200,00","37,15","Giappone","Tokyo Stock Exchange","JPY"
"WEC","WEC ENERGY GROUP INC","Imprese di servizi di pubblica utilità","Azionario","5.117.878,08","0,16","5.117.878,08","47.152,00","108,54","Stati Uniti","New York Stock Exchange Inc.","USD"
"HOLN","HOLCIM LTD AG","Materiali","Azionario","5.116.404,84","0,16","5.116.404,84","61.155,00","83,66","Svizzera","SIX Swiss Exchange","CHF"
"ARGX","ARGENX","Salute","Azionario","5.049.645,24","0,15","5.049.645,24","7.619,00","662,77","Belgio","Nyse Euronext - Euronext Brussels","EUR"
"6702","FUJITSU LTD","IT","Azionario","5.020.486,87","0,15","5.020.486,87","205.200,00","24,47","Giappone","Tokyo Stock Exchange","JPY"
"SAAB B","SAAB CLASS B","Industriali","Azionario","4.989.728,87","0,15","4.989.728,87","91.544,00","54,51","Svezia","Nasdaq Omx Nordic","SEK"
"POLI","BANK HAPOALIM BM","Finanziari","Azionario","4.890.544,00","0,15","4.890.544,00","265.391,00","18,43","Israele","Tel Aviv Stock Exchange","ILS"
"HIG","HARTFORD INSURANCE GROUP INC","Finanziari","Azionario","4.844.152,90","0,15","4.844.152,90","36.145,00","134,02","Stati Uniti","New York Stock Exchange Inc.","USD"
"ALL","ALLSTATE CORP","Finanziari","Azionario","4.801.152,72","0,15","4.801.152,72","23.361,00","205,52","Stati Uniti","New York Stock Exchange Inc.","USD"
"CNP","CENTERPOINT ENERGY INC","Imprese di servizi di pubblica utilità","Azionario","4.743.921,80","0,15","4.743.921,80","124.676,00","38,05","Stati Uniti","New York Stock Exchange Inc.","USD"
"VRSK","VERISK ANALYTICS INC","Industriali","Azionario","4.705.872,66","0,14","4.705.872,66","17.361,00","271,06","Stati Uniti","NASDAQ","USD"
"ALL","ARISTOCRAT LEISURE LTD","Consumi Discrezionali","Azionario","4.695.102,49","0,14","4.695.102,49","102.061,00","46,00","Australia","Asx - All Markets","AUD"
"ICSUAGD","BLK ICS USD LIQ AGENCY DIS","Liquidità e/o derivati","Money Market","4.590.117,77","0,14","4.590.117,77","4.590.118,00","1,00","Irlanda","-","USD"
"TSCO","TESCO PLC","Generi di largo consumo","Azionario","4.498.849,83","0,14","4.498.849,83","780.306,00","5,77","Regno unito","London Stock Exchange","GBP"
"DSV","DSV","Industriali","Azionario","4.388.199,39","0,13","4.388.199,39","19.036,00","230,52","Danimarca","Omx Nordic Exchange Copenhagen A/S","DKK"
"VTR","VENTAS REIT INC","Immobili","Azionario","4.334.560,39","0,13","4.334.560,39","63.941,00","67,79","Stati Uniti","New York Stock Exchange Inc.","USD"
"9766","KONAMI GROUP CORP","Comunicazione","Azionario","4.326.747,47","0,13","4.326.747,47","26.100,00","165,78","Giappone","Tokyo Stock Exchange","JPY"
"CBRE","CBRE GROUP INC CLASS A","Immobili","Azionario","4.324.805,05","0,13","4.324.805,05","26.305,00","164,41","Stati Uniti","New York Stock Exchange Inc.","USD"
"FICO","FAIR ISAAC CORP","IT","Azionario","4.291.592,90","0,13","4.291.592,90","3.031,00","1.415,90","Stati Uniti","New York Stock Exchange Inc.","USD"
"EBS","ERSTE GROUP BANK AG","Finanziari","Azionario","4.270.634,47","0,13","4.270.634,47","43.387,00","98,43","Austria","Wiener Boerse Ag","EUR"
"4519","CHUGAI PHARMACEUTICAL LTD","Salute","Azionario","4.260.978,52","0,13","4.260.978,52","99.800,00","42,70","Giappone","Tokyo Stock Exchange","JPY"
"NDAQ","NASDAQ INC","Finanziari","Azionario","4.258.917,75","0,13","4.258.917,75","44.949,00","94,75","Stati Uniti","NASDAQ","USD"
"7013","IHI CORP","Industriali","Azionario","4.218.889,38","0,13","4.218.889,38","39.400,00","107,08","Giappone","Tokyo Stock Exchange","JPY"
"FRE","FRESENIUS SE AND CO KGAA","Salute","Azionario","4.178.382,53","0,13","4.178.382,53","74.770,00","55,88","Germania","Xetra","EUR"
"FTS","FORTIS INC","Imprese di servizi di pubblica utilità","Azionario","4.147.808,63","0,13","4.147.808,63","81.917,00","50,63","Canada","Toronto Stock Exchange","CAD"
"ATO","ATMOS ENERGY CORP","Imprese di servizi di pubblica utilità","Azionario","4.135.611,06","0,13","4.135.611,06","24.586,00","168,21","Stati Uniti","New York Stock Exchange Inc.","USD"
"FER","FERROVIAL","Industriali","Azionario","4.062.738,26","0,12","4.062.738,26","72.884,00","55,74","Spagna","Bolsa De Madrid","EUR"
"MRU","METRO INC","Generi di largo consumo","Azionario","4.047.312,50","0,12","4.047.312,50","56.116,00","72,12","Canada","Toronto Stock Exchange","CAD"
"TRGP","TARGA RESOURCES CORP","Energia","Azionario","4.034.317,86","0,12","4.034.317,86","24.711,00","163,26","Stati Uniti","New York Stock Exchange Inc.","USD"
"POW","POWER CORPORATION OF CANADA","Finanziari","Azionario","4.026.771,10","0,12","4.026.771,10","96.448,00","41,75","Canada","Toronto Stock Exchange","CAD"
"NRG","NRG ENERGY INC","Imprese di servizi di pubblica utilità","Azionario","3.941.514,94","0,12","3.941.514,94","27.166,00","145,09","Stati Uniti","New York Stock Exchange Inc.","USD"
"8267","AEON LTD","Generi di largo consumo","Azionario","3.884.968,85","0,12","3.884.968,85","102.300,00","37,98","Giappone","Tokyo Stock Exchange","JPY"
"WRB","WR BERKLEY CORP","Finanziari","Azionario","3.836.838,04","0,12","3.836.838,04","53.186,00","72,14","Stati Uniti","New York Stock Exchange Inc.","USD"
"AEE","AMEREN CORP","Imprese di servizi di pubblica utilità","Azionario","3.824.858,15","0,12","3.824.858,15","37.517,00","101,95","Stati Uniti","New York Stock Exchange Inc.","USD"
"BR","BROADRIDGE FINANCIAL SOLUTIONS INC","Industriali","Azionario","3.779.062,52","0,12","3.779.062,52","14.414,00","262,18","Stati Uniti","New York Stock Exchange Inc.","USD"
"USD","USD CASH","Liquidità e/o derivati","Contanti","3.752.458,53","0,11","3.752.458,53","3.752.459,00","100,00","Stati Uniti","-","USD"
"TRI","THOMSON REUTERS CORP","Industriali","Azionario","3.730.245,62","0,11","3.730.245,62","20.905,00","178,44","Canada","Toronto Stock Exchange","CAD"
"ENX","EURONEXT NV","Finanziari","Azionario","3.724.017,90","0,11","3.724.017,90","22.224,00","167,57","Francia","Nyse Euronext - Euronext Paris","EUR"
"DNB","DNB BANK","Finanziari","Azionario","3.715.167,13","0,11","3.715.167,13","136.859,00","27,15","Norvegia","Oslo Bors Asa","NOK"
"EQT","EQT CORP","Energia","Azionario","3.683.529,66","0,11","3.683.529,66","70.878,00","51,97","Stati Uniti","New York Stock Exchange Inc.","USD"
"PPL","PPL CORP","Imprese di servizi di pubblica utilità","Azionario","3.651.845,40","0,11","3.651.845,40","98.966,00","36,90","Stati Uniti","New York Stock Exchange Inc.","USD"
"DRI","DARDEN RESTAURANTS INC","Consumi Discrezionali","Azionario","3.645.352,66","0,11","3.645.352,66","17.477,00","208,58","Stati Uniti","New York Stock Exchange Inc.","USD"
"BXB","BRAMBLES LTD","Industriali","Azionario","3.599.161,24","0,11","3.599.161,24","213.444,00","16,86","Australia","Asx - All Markets","AUD"
"KBC","KBC GROEP","Finanziari","Azionario","3.593.127,72","0,11","3.593.127,72","29.231,00","122,92","Belgio","Nyse Euronext - Euronext Brussels","EUR"
"LYV","LIVE NATION ENTERTAINMENT INC","Comunicazione","Azionario","3.553.036,80","0,11","3.553.036,80","21.440,00","165,72","Stati Uniti","New York Stock Exchange Inc.","USD"
"BAMI","BANCO BPM","Finanziari","Azionario","3.451.764,09","0,11","3.451.764,09","244.152,00","14,14","Italia","Borsa Italiana","EUR"
"6752","PANASONIC HOLDINGS CORP","Consumi Discrezionali","Azionario","3.447.530,56","0,11","3.447.530,56","327.800,00","10,52","Giappone","Tokyo Stock Exchange","JPY"
"ESLT","ELBIT SYSTEMS LTD","Industriali","Azionario","3.434.110,00","0,11","3.434.110,00","7.421,00","462,76","Israele","Tel Aviv Stock Exchange","ILS"
"SAB","BANCO DE SABADELL SA","Finanziari","Azionario","3.422.663,82","0,10","3.422.663,82","853.803,00","4,01","Spagna","Bolsa De Madrid","EUR"
"CCEP","COCA COLA EUROPACIFIC PARTNERS PLC","Generi di largo consumo","Azionario","3.398.771,48","0,10","3.398.771,48","37.622,00","90,34","Paesi Bassi","NASDAQ","USD"
"IBKR","INTERACTIVE BROKERS GROUP INC CLAS","Finanziari","Azionario","3.344.577,60","0,10","3.344.577,60","53.599,00","62,40","Stati Uniti","NASDAQ","USD"
"BAM","BROOKFIELD ASSET MANAGEMENT VOTING","Finanziari","Azionario","3.320.245,86","0,10","3.320.245,86","54.379,00","61,06","Canada","Toronto Stock Exchange","CAD"
"CHTR","CHARTER COMMUNICATIONS INC CLASS A","Comunicazione","Azionario","3.301.536,52","0,10","3.301.536,52","11.894,00","277,58","Stati Uniti","NASDAQ","USD"
"COL","COLES GROUP LTD","Generi di largo consumo","Azionario","3.293.731,67","0,10","3.293.731,67","243.297,00","13,54","Australia","Asx - All Markets","AUD"
"CPU","COMPUTERSHARE LTD","Industriali","Azionario","3.281.136,32","0,10","3.281.136,32","128.030,00","25,63","Australia","Asx - All Markets","AUD"
"QBE","QBE INSURANCE GROUP LTD","Finanziari","Azionario","3.260.805,94","0,10","3.260.805,94","232.717,00","14,01","Australia","Asx - All Markets","AUD"
"CLS","CELESTICA INC","IT","Azionario","3.241.082,68","0,10","3.241.082,68","17.152,00","188,96","Canada","Toronto Stock Exchange","CAD"
"SHB A","SVENSKA HANDELSBANKEN-A SHS","Finanziari","Azionario","3.215.213,32","0,10","3.215.213,32","241.259,00","13,33","Svezia","Nasdaq Omx Nordic","SEK"
"KOG","KONGSBERG GRUPPEN","Industriali","Azionario","3.202.635,05","0,10","3.202.635,05","109.180,00","29,33","Norvegia","Oslo Bors Asa","NOK"
"RDDT","REDDIT INC CLASS A","Comunicazione","Azionario","3.180.766,47","0,10","3.180.766,47","14.637,00","217,31","Stati Uniti","New York Stock Exchange Inc.","USD"
"MKL","MARKEL GROUP INC","Finanziari","Azionario","3.145.873,28","0,10","3.145.873,28","1.579,00","1.992,32","Stati Uniti","New York Stock Exchange Inc.","USD"
"CHKP","CHECK POINT SOFTWARE TECHNOLOGIES","IT","Azionario","3.129.552,70","0,10","3.129.552,70","16.435,00","190,42","Israele","NASDAQ","USD"
"ACS","ACS ACTIVIDADES DE CONSTRUCCION Y","Industriali","Azionario","3.119.721,52","0,10","3.119.721,52","40.005,00","77,98","Spagna","Bolsa De Madrid","EUR"
"AV.","AVIVA PLC","Finanziari","Azionario","3.117.725,00","0,10","3.117.725,00","342.736,00","9,10","Regno unito","London Stock Exchange","GBP"
"AMRZ","AMRIZE AG","Materiali","Azionario","3.109.787,91","0,10","3.109.787,91","60.945,00","51,03","Svizzera","SIX Swiss Exchange","CHF"
"S63","SINGAPORE TECHNOLOGIES ENGINEERING","Industriali","Azionario","3.077.486,14","0,09","3.077.486,14","502.800,00","6,12","Singapore","Singapore Exchange","SGD"
"X","TMX GROUP LTD","Finanziari","Azionario","3.074.866,41","0,09","3.074.866,41","76.058,00","40,43","Canada","Toronto Stock Exchange","CAD"
"NXT","NEXT PLC","Consumi Discrezionali","Azionario","3.073.383,52","0,09","3.073.383,52","18.581,00","165,40","Regno unito","London Stock Exchange","GBP"
"RBA","RB GLOBAL INC","Industriali","Azionario","3.025.186,25","0,09","3.025.186,25","26.016,00","116,28","Canada","Toronto Stock Exchange","CAD"
"7936","ASICS CORP","Consumi Discrezionali","Azionario","3.018.569,34","0,09","3.018.569,34","106.000,00","28,48","Giappone","Tokyo Stock Exchange","JPY"
"AENA","AENA SME SA","Industriali","Azionario","3.011.098,29","0,09","3.011.098,29","100.770,00","29,88","Spagna","Bolsa De Madrid","EUR"
"KPN","KONINKLIJKE KPN NV","Comunicazione","Azionario","2.999.877,43","0,09","2.999.877,43","630.246,00","4,76","Paesi Bassi","Euronext Amsterdam","EUR"
"6201","TOYOTA INDUSTRIES CORP","Industriali","Azionario","2.985.584,42","0,09","2.985.584,42","26.800,00","111,40","Giappone","Tokyo Stock Exchange","JPY"
"GDDY","GODADDY INC CLASS A","IT","Azionario","2.969.343,30","0,09","2.969.343,30","20.190,00","147,07","Stati Uniti","New York Stock Exchange Inc.","USD"
"K","KELLANOVA","Generi di largo consumo","Azionario","2.947.596,40","0,09","2.947.596,40","36.776,00","80,15","Stati Uniti","New York Stock Exchange Inc.","USD"
"TPL","TEXAS PACIFIC LAND CORP","Energia","Azionario","2.947.299,79","0,09","2.947.299,79","3.233,00","911,63","Stati Uniti","New York Stock Exchange Inc.","USD"
"NI","NISOURCE INC","Imprese di servizi di pubblica utilità","Azionario","2.944.095,22","0,09","2.944.095,22","68.563,00","42,94","Stati Uniti","New York Stock Exchange Inc.","USD"
"BT.A","BT GROUP PLC","Comunicazione","Azionario","2.901.003,27","0,09","2.901.003,27","1.006.569,00","2,88","Regno unito","London Stock Exchange","GBP"
"NN","NN GROUP NV","Finanziari","Azionario","2.880.854,27","0,09","2.880.854,27","40.132,00","71,78","Paesi Bassi","Euronext Amsterdam","EUR"
"FFIV","F5 INC","IT","Azionario","2.876.324,41","0,09","2.876.324,41","9.067,00","317,23","Stati Uniti","NASDAQ","USD"
"SCHP","SCHINDLER HOLDING PAR AG","Industriali","Azionario","2.875.114,96","0,09","2.875.114,96","7.546,00","381,01","Svizzera","SIX Swiss Exchange","CHF"
"BRO","BROWN & BROWN INC","Finanziari","Azionario","2.874.861,72","0,09","2.874.861,72","29.742,00","96,66","Stati Uniti","New York Stock Exchange Inc.","USD"
"CYBR","CYBER ARK SOFTWARE LTD","IT","Azionario","2.826.142,20","0,09","2.826.142,20","6.405,00","441,24","Israele","NASDAQ","USD"
"2388","BOC HONG KONG HOLDINGS LTD","Finanziari","Azionario","2.820.237,27","0,09","2.820.237,27","598.500,00","4,71","Hong Kong","Hong Kong Exchanges And Clearing Ltd","HKD"
"DGX","QUEST DIAGNOSTICS INC","Salute","Azionario","2.804.919,49","0,09","2.804.919,49","15.563,00","180,23","Stati Uniti","New York Stock Exchange Inc.","USD"
"SPSN","SWISS PRIME SITE AG","Immobili","Azionario","2.804.312,64","0,09","2.804.312,64","20.016,00","140,10","Svizzera","SIX Swiss Exchange","CHF"
"PST","POSTE ITALIANE","Finanziari","Azionario","2.803.931,08","0,09","2.803.931,08","117.700,00","23,82","Italia","Borsa Italiana","EUR"
"1925","DAIWA HOUSE INDUSTRY LTD","Immobili","Azionario","2.763.495,97","0,08","2.763.495,97","75.800,00","36,46","Giappone","Tokyo Stock Exchange","JPY"
"FOXA","FOX CORP CLASS A","Comunicazione","Azionario","2.761.603,92","0,08","2.761.603,92","46.476,00","59,42","Stati Uniti","NASDAQ","USD"
"GALD","GALDERMA GROUP N AG","Salute","Azionario","2.733.176,47","0,08","2.733.176,47","16.192,00","168,80","Svizzera","SIX Swiss Exchange","CHF"
"AGI","ALAMOS GOLD INC CLASS A","Materiali","Azionario","2.727.738,57","0,08","2.727.738,57","96.096,00","28,39","Canada","Toronto Stock Exchange","CAD"
"CCH","COCA COLA HBC AG","Generi di largo consumo","Azionario","2.703.349,23","0,08","2.703.349,23","51.358,00","52,64","Regno unito","London Stock Exchange","GBP"
"AER","AERCAP HOLDINGS NV","Industriali","Azionario","2.699.224,56","0,08","2.699.224,56","22.599,00","119,44","Paesi Bassi","New York Stock Exchange Inc.","USD"
"EMA","EMERA INC","Imprese di servizi di pubblica utilità","Azionario","2.642.699,97","0,08","2.642.699,97","55.119,00","47,95","Canada","Toronto Stock Exchange","CAD"
"NTRA","NATERA INC","Salute","Azionario","2.615.652,00","0,08","2.615.652,00","15.795,00","165,60","Stati Uniti","NASDAQ","USD"
"4307","NOMURA RESEARCH INSTITUTE LTD","IT","Azionario","2.549.576,11","0,08","2.549.576,11","62.000,00","41,12","Giappone","Tokyo Stock Exchange","JPY"
"HNR1","HANNOVER RUECK","Finanziari","Azionario","2.537.875,53","0,08","2.537.875,53","8.574,00","296,00","Germania","Xetra","EUR"
"G1A","GEA GROUP AG","Industriali","Azionario","2.478.255,76","0,08","2.478.255,76","32.688,00","75,82","Germania","Xetra","EUR"
"LISP","CHOCOLADEFABRIKEN LINDT & SPRUENGL","Generi di largo consumo","Azionario","2.466.096,94","0,08","2.466.096,94","165,00","14.946,04","Svizzera","SIX Swiss Exchange","CHF"
"NOKIA","NOKIA","IT","Azionario","2.462.313,42","0,08","2.462.313,42","570.233,00","4,32","Finlandia","Nasdaq Omx Helsinki Ltd.","EUR"
"S68","SINGAPORE EXCHANGE LTD","Finanziari","Azionario","2.441.436,49","0,07","2.441.436,49","189.300,00","12,90","Singapore","Singapore Exchange","SGD"
"TLS","TELSTRA GROUP LTD","Comunicazione","Azionario","2.434.713,49","0,07","2.434.713,49","742.525,00","3,28","Australia","Asx - All Markets","AUD"
"5803","FUJIKURA LTD","Industriali","Azionario","2.416.577,58","0,07","2.416.577,58","30.900,00","78,21","Giappone","Tokyo Stock Exchange","JPY"
"MTX","MTU AERO ENGINES HOLDING AG","Industriali","Azionario","2.379.155,93","0,07","2.379.155,93","5.322,00","447,04","Germania","Xetra","EUR"
"ROL","ROLLINS INC","Industriali","Azionario","2.376.372,21","0,07","2.376.372,21","40.979,00","57,99","Stati Uniti","New York Stock Exchange Inc.","USD"
"ELE","ENDESA SA","Imprese di servizi di pubblica utilità","Azionario","2.367.677,48","0,07","2.367.677,48","75.591,00","31,32","Spagna","Bolsa De Madrid","EUR"
"PODD","INSULET CORP","Salute","Azionario","2.338.213,13","0,07","2.338.213,13","7.069,00","330,77","Stati Uniti","NASDAQ","USD"
"WN","GEORGE WESTON LTD","Generi di largo consumo","Azionario","2.324.113,91","0,07","2.324.113,91","36.467,00","63,73","Canada","Toronto Stock Exchange","CAD"
"H","HYDRO ONE LTD","Imprese di servizi di pubblica utilità","Azionario","2.277.080,78","0,07","2.277.080,78","62.196,00","36,61","Canada","Toronto Stock Exchange","CAD"
"EVRG","EVERGY INC","Imprese di servizi di pubblica utilità","Azionario","2.251.060,50","0,07","2.251.060,50","31.135,00","72,30","Stati Uniti","NASDAQ","USD"
"HELN","HELVETIA HOLDING AG","Finanziari","Azionario","2.248.986,59","0,07","2.248.986,59","8.408,00","267,48","Svizzera","SIX Swiss Exchange","CHF"
"G24","SCOUT24 N","Comunicazione","Azionario","2.227.347,95","0,07","2.227.347,95","16.659,00","133,70","Germania","Xetra","EUR"
"ERIC B","ERICSSON B","IT","Azionario","2.220.047,64","0,07","2.220.047,64","279.332,00","7,95","Svezia","Nasdaq Omx Nordic","SEK"
"CMS","CMS ENERGY CORP","Imprese di servizi di pubblica utilità","Azionario","2.218.899,52","0,07","2.218.899,52","30.346,00","73,12","Stati Uniti","New York Stock Exchange Inc.","USD"
"AGS","AGEAS SA","Finanziari","Azionario","2.164.168,12","0,07","2.164.168,12","29.550,00","73,24","Belgio","Nyse Euronext - Euronext Brussels","EUR"
"PME","PRO MEDICUS LTD","Salute","Azionario","2.159.226,20","0,07","2.159.226,20","10.853,00","198,95","Australia","Asx - All Markets","AUD"
"A5G","AIB GROUP PLC","Finanziari","Azionario","2.147.400,56","0,07","2.147.400,56","255.232,00","8,41","Irlanda","Irish Stock Exchange - All Market","EUR"
"BALN","BALOISE HOLDING AG","Finanziari","Azionario","2.127.360,74","0,07","2.127.360,74","7.858,00","270,73","Svizzera","SIX Swiss Exchange","CHF"
"SUN","SUNCORP GROUP LTD","Finanziari","Azionario","2.063.486,79","0,06","2.063.486,79","145.647,00","14,17","Australia","Asx - All Markets","AUD"
"9531","TOKYO GAS LTD","Imprese di servizi di pubblica utilità","Azionario","2.062.642,74","0,06","2.062.642,74","52.100,00","39,59","Giappone","Tokyo Stock Exchange","JPY"
"HEIA","HEICO CORP CLASS A","Industriali","Azionario","2.060.294,34","0,06","2.060.294,34","8.457,00","243,62","Stati Uniti","New York Stock Exchange Inc.","USD"
"TEL2 B","TELE2 B","Comunicazione","Azionario","2.035.623,56","0,06","2.035.623,56","117.970,00","17,26","Svezia","Nasdaq Omx Nordic","SEK"
"UNI","UNIPOL ASSICURAZIONI SPA","Finanziari","Azionario","2.016.285,51","0,06","2.016.285,51","93.872,00","21,48","Italia","Borsa Italiana","EUR"
"EVN","EVOLUTION MINING LTD","Materiali","Azionario","1.980.328,59","0,06","1.980.328,59","376.072,00","5,27","Australia","Asx - All Markets","AUD"
"8136","SANRIO LTD","Consumi Discrezionali","Azionario","1.971.281,20","0,06","1.971.281,20","36.300,00","54,31","Giappone","Tokyo Stock Exchange","JPY"
"SIG","SIGMA HEALTHCARE LTD","Salute","Azionario","1.927.114,06","0,06","1.927.114,06","1.041.399,00","1,85","Australia","Asx - All Markets","AUD"
"IAG","IA FINANCIAL INC","Finanziari","Azionario","1.925.688,79","0,06","1.925.688,79","17.636,00","109,19","Canada","Toronto Stock Exchange","CAD"
"ORK","ORKLA","Generi di largo consumo","Azionario","1.908.680,59","0,06","1.908.680,59","167.643,00","11,39","Norvegia","Oslo Bors Asa","NOK"
"TLX","TALANX AG","Finanziari","Azionario","1.906.394,39","0,06","1.906.394,39","13.490,00","141,32","Germania","Xetra","EUR"
"OKTA","OKTA INC CLASS A","IT","Azionario","1.846.983,25","0,06","1.846.983,25","20.065,00","92,05","Stati Uniti","NASDAQ","USD"
"MB","MEDIOBANCA BANCA DI CREDITO FINANZ","Finanziari","Azionario","1.803.170,40","0,06","1.803.170,40","71.539,00","25,21","Italia","Borsa Italiana","EUR"
"9697","CAPCOM LTD","Comunicazione","Azionario","1.790.919,61","0,05","1.790.919,61","64.700,00","27,68","Giappone","Tokyo Stock Exchange","JPY"
"FGR","EIFFAGE SA","Industriali","Azionario","1.786.731,23","0,05","1.786.731,23","12.111,00","147,53","Francia","Nyse Euronext - Euronext Paris","EUR"
"BKT","BANKINTER SA","Finanziari","Azionario","1.766.896,73","0,05","1.766.896,73","114.015,00","15,50","Spagna","Bolsa De Madrid","EUR"
"1802","OBAYASHI CORP","Industriali","Azionario","1.732.414,97","0,05","1.732.414,97","103.800,00","16,69","Giappone","Tokyo Stock Exchange","JPY"
"LUG","LUNDIN GOLD INC","Materiali","Azionario","1.728.210,53","0,05","1.728.210,53","30.059,00","57,49","Canada","Toronto Stock Exchange","CAD"
"LNT","ALLIANT ENERGY CORP","Imprese di servizi di pubblica utilità","Azionario","1.726.754,48","0,05","1.726.754,48","25.784,00","66,97","Stati Uniti","NASDAQ","USD"
"DSCT","ISRAEL DISCOUNT BANK LTD","Finanziari","Azionario","1.720.703,38","0,05","1.720.703,38","181.631,00","9,47","Israele","Tel Aviv Stock Exchange","ILS"
"1812","KAJIMA CORP","Industriali","Azionario","1.719.969,36","0,05","1.719.969,36","58.700,00","29,30","Giappone","Tokyo Stock Exchange","JPY"
"1801","TAISEI CORP","Industriali","Azionario","1.694.528,62","0,05","1.694.528,62","25.000,00","67,78","Giappone","Tokyo Stock Exchange","JPY"
"FNF","FIDELITY NATIONAL FINANCIAL INC","Finanziari","Azionario","1.694.141,10","0,05","1.694.141,10","27.855,00","60,82","Stati Uniti","New York Stock Exchange Inc.","USD"
"9602","TOHO (TOKYO) LTD","Comunicazione","Azionario","1.683.717,95","0,05","1.683.717,95","25.200,00","66,81","Giappone","Tokyo Stock Exchange","JPY"
"TELIA","TELIA COMPANY","Comunicazione","Azionario","1.677.928,69","0,05","1.677.928,69","444.602,00","3,77","Svezia","Nasdaq Omx Nordic","SEK"
"GFL","GFL ENVIRONMENTAL SUBORDINATE VOTI","Industriali","Azionario","1.676.823,25","0,05","1.676.823,25","32.877,00","51,00","Canada","Toronto Stock Exchange","CAD"
"RPRX","ROYALTY PHARMA PLC CLASS A","Salute","Azionario","1.651.906,24","0,05","1.651.906,24","45.482,00","36,32","Stati Uniti","NASDAQ","USD"
"MZTF","MIZRAHI TEFAHOT BANK LTD","Finanziari","Azionario","1.635.717,87","0,05","1.635.717,87","26.655,00","61,37","Israele","Tel Aviv Stock Exchange","ILS"
"GWO","GREAT WEST LIFECO INC","Finanziari","Azionario","1.635.721,41","0,05","1.635.721,41","40.973,00","39,92","Canada","Toronto Stock Exchange","CAD"
"ASRNL","ASR NEDERLAND NV","Finanziari","Azionario","1.635.191,05","0,05","1.635.191,05","22.059,00","74,13","Paesi Bassi","Euronext Amsterdam","EUR"
"CNA","CENTRICA PLC","Imprese di servizi di pubblica utilità","Azionario","1.625.062,99","0,05","1.625.062,99","727.783,00","2,23","Regno unito","London Stock Exchange","GBP"
"LISN","CHOCOLADEFABRIKEN LINDT & SPRUENGL","Generi di largo consumo","Azionario","1.622.107,17","0,05","1.622.107,17","11,00","147.464,29","Svizzera","SIX Swiss Exchange","CHF"
"IAG","INSURANCE AUSTRALIA GROUP LTD","Finanziari","Azionario","1.617.183,53","0,05","1.617.183,53","287.273,00","5,63","Australia","Asx - All Markets","AUD"
"MAA","MID AMERICA APARTMENT COMMUNITIES","Immobili","Azionario","1.613.950,52","0,05","1.613.950,52","11.284,00","143,03","Stati Uniti","New York Stock Exchange Inc.","USD"
"AM","DASSAULT AVIATION SA","Industriali","Azionario","1.593.083,66","0,05","1.593.083,66","4.969,00","320,60","Francia","Nyse Euronext - Euronext Paris","EUR"
"SRG","SNAM","Imprese di servizi di pubblica utilità","Azionario","1.570.732,87","0,05","1.570.732,87","254.547,00","6,17","Italia","Borsa Italiana","EUR"
"ADM","ADMIRAL GROUP PLC","Finanziari","Azionario","1.530.291,01","0,05","1.530.291,01","30.949,00","49,45","Regno unito","London Stock Exchange","GBP"
"BPE","BPER BANCA","Finanziari","Azionario","1.528.659,63","0,05","1.528.659,63","142.635,00","10,72","Italia","Borsa Italiana","EUR"
"MPL","MEDIBANK PRIVATE LTD","Finanziari","Azionario","1.503.747,75","0,05","1.503.747,75","443.669,00","3,39","Australia","Asx - All Markets","AUD"
"4689","LY CORP","Comunicazione","Azionario","1.493.624,32","0,05","1.493.624,32","470.700,00","3,17","Giappone","Tokyo Stock Exchange","JPY"
"ORNBV","ORION CLASS B","Salute","Azionario","1.454.387,71","0,04","1.454.387,71","17.897,00","81,26","Finlandia","Nasdaq Omx Helsinki Ltd.","EUR"
"ALA","ALTAGAS LTD","Imprese di servizi di pubblica utilità","Azionario","1.435.020,61","0,04","1.435.020,61","47.078,00","30,48","Canada","Toronto Stock Exchange","CAD"
"SCHN","SCHINDLER HOLDING AG","Industriali","Azionario","1.409.313,21","0,04","1.409.313,21","3.862,00","364,92","Svizzera","SIX Swiss Exchange","CHF"
"MKS","MARKS AND SPENCER GROUP PLC","Generi di largo consumo","Azionario","1.363.574,97","0,04","1.363.574,97","281.313,00","4,85","Regno unito","London Stock Exchange","GBP"
"PAAS","PAN AMERICAN SILVER CORP","Materiali","Azionario","1.360.684,48","0,04","1.360.684,48","41.693,00","32,64","Canada","Toronto Stock Exchange","CAD"
"EN","BOUYGUES SA","Industriali","Azionario","1.334.003,36","0,04","1.334.003,36","29.409,00","45,36","Francia","Nyse Euronext - Euronext Paris","EUR"
"EFN","ELEMENT FLEET MANAGEMENT CORP","Industriali","Azionario","1.327.544,60","0,04","1.327.544,60","50.139,00","26,48","Canada","Toronto Stock Exchange","CAD"
"SMIN","SMITHS GROUP PLC","Industriali","Azionario","1.316.215,00","0,04","1.316.215,00","41.029,00","32,08","Regno unito","London Stock Exchange","GBP"
"TEL","TELENOR","Comunicazione","Azionario","1.273.537,27","0,04","1.273.537,27","77.201,00","16,50","Norvegia","Oslo Bors Asa","NOK"
"ADDT B","ADDTECH CLASS B","Industriali","Azionario","1.245.618,51","0,04","1.245.618,51","34.010,00","36,63","Svezia","Nasdaq Omx Nordic","SEK"
"GBP","GBP CASH","Liquidità e/o derivati","Contanti","1.174.879,25","0,04","1.174.879,25","868.704,00","135,24","Regno unito","-","GBP"
"6383","DAIFUKU LTD","Industriali","Azionario","1.170.304,04","0,04","1.170.304,04","37.000,00","31,63","Giappone","Tokyo Stock Exchange","JPY"
"ALO","ALSTOM SA","Industriali","Azionario","1.157.282,72","0,04","1.157.282,72","45.117,00","25,65","Francia","Nyse Euronext - Euronext Paris","EUR"
"SECU B","SECURITAS B","Industriali","Azionario","1.151.793,09","0,04","1.151.793,09","71.711,00","16,06","Svezia","Nasdaq Omx Nordic","SEK"
"CAE","CAE INC","Industriali","Azionario","1.149.299,91","0,04","1.149.299,91","42.019,00","27,35","Canada","Toronto Stock Exchange","CAD"
"REA","REA GROUP LTD","Comunicazione","Azionario","1.143.802,36","0,03","1.143.802,36","6.694,00","170,87","Australia","Asx - All Markets","AUD"
"SGP","STOCKLAND STAPLED UNITS LTD","Immobili","Azionario","1.127.562,95","0,03","1.127.562,95","271.341,00","4,16","Australia","Asx - All Markets","AUD"
"RO","ROCHE HOLDING AG","Salute","Azionario","1.122.662,84","0,03","1.122.662,84","3.289,00","341,34","Svizzera","SIX Swiss Exchange","CHF"
"LIFCO B","LIFCO CLASS B","Industriali","Azionario","1.089.113,29","0,03","1.089.113,29","29.567,00","36,84","Svezia","Nasdaq Omx Nordic","SEK"
"EMP.A","EMPIRE LTD CLASS A","Generi di largo consumo","Azionario","1.081.371,20","0,03","1.081.371,20","27.699,00","39,04","Canada","Toronto Stock Exchange","CAD"
"TIT","TELECOM ITALIA","Comunicazione","Azionario","1.079.767,74","0,03","1.079.767,74","1.999.264,00","0,54","Italia","Borsa Italiana","EUR"
"EUR","EUR CASH","Liquidità e/o derivati","Contanti","1.062.464,81","0,03","1.062.464,81","906.695,00","117,18","Unione Europea","-","EUR"
"FOX","FOX CORP CLASS B","Comunicazione","Azionario","1.052.295,19","0,03","1.052.295,19","19.333,00","54,43","Stati Uniti","NASDAQ","USD"
"HEI","HEICO CORP","Industriali","Azionario","1.045.795,02","0,03","1.045.795,02","3.378,00","309,59","Stati Uniti","New York Stock Exchange Inc.","USD"
"KEY","KEYERA CORP","Energia","Azionario","989.259,03","0,03","989.259,03","30.112,00","32,85","Canada","Toronto Stock Exchange","CAD"
"9719","SCSK CORP","IT","Azionario","976.177,18","0,03","976.177,18","31.500,00","30,99","Giappone","Tokyo Stock Exchange","JPY"
"3088","MATSUKIYOKARA","Generi di largo consumo","Azionario","967.739,61","0,03","967.739,61","45.800,00","21,13","Giappone","Tokyo Stock Exchange","JPY"
"4704","TREND MICRO INC","IT","Azionario","950.755,51","0,03","950.755,51","17.800,00","53,41","Giappone","Tokyo Stock Exchange","JPY"
"H78","HONGKONG LAND HOLDINGS LTD","Immobili","Azionario","923.384,00","0,03","923.384,00","149.900,00","6,16","Hong Kong","Singapore Exchange","USD"
"QAN","QANTAS AIRWAYS LTD","Industriali","Azionario","898.426,67","0,03","898.426,67","122.450,00","7,34","Australia","Asx - All Markets","AUD"
"IAG","INTERNATIONAL AIRLINES GROUP SA","Industriali","Azionario","894.368,94","0,03","894.368,94","167.378,00","5,34","Spagna","Bolsa De Madrid","EUR"
"GIL","GILDAN ACTIVEWEAR INC","Consumi Discrezionali","Azionario","881.804,66","0,03","881.804,66","15.833,00","55,69","Canada","Toronto Stock Exchange","CAD"
"6823","HKT TRUST AND HKT UNITS LTD","Comunicazione","Azionario","841.311,53","0,03","841.311,53","546.000,00","1,54","Hong Kong","Hong Kong Exchanges And Clearing Ltd","HKD"
"GJF","GJENSIDIGE FORSIKRING","Finanziari","Azionario","826.416,29","0,03","826.416,29","28.758,00","28,74","Norvegia","Oslo Bors Asa","NOK"
"PHNX","PHOENIX GROUP HOLDINGS PLC","Finanziari","Azionario","824.064,87","0,03","824.064,87","87.734,00","9,39","Regno unito","London Stock Exchange","GBP"
"7550","ZENSHO HOLDINGS LTD","Consumi Discrezionali","Azionario","814.136,39","0,02","814.136,39","12.200,00","66,73","Giappone","Tokyo Stock Exchange","JPY"
"ICL","ICL GROUP LTD","Materiali","Azionario","812.162,52","0,02","812.162,52","130.267,00","6,23","Israele","Tel Aviv Stock Exchange","ILS"
"9435","HIKARI TSUSHIN INC","Industriali","Azionario","799.073,92","0,02","799.073,92","2.800,00","285,38","Giappone","Tokyo Stock Exchange","JPY"
"SGH","SGH LTD","Industriali","Azionario","776.083,42","0,02","776.083,42","24.289,00","31,95","Australia","Asx - All Markets","AUD"
"AUD","AUD CASH","Liquidità e/o derivati","Contanti","767.662,22","0,02","767.662,22","1.182.292,00","64,93","Australia","-","AUD"
"DIE","DIETEREN (D) SA","Consumi Discrezionali","Azionario","763.523,79","0,02","763.523,79","3.415,00","223,58","Belgio","Nyse Euronext - Euronext Brussels","EUR"
"CAD","CAD CASH","Liquidità e/o derivati","Contanti","759.370,52","0,02","759.370,52","1.050.551,00","72,28","Canada","-","CAD"
"EVD","CTS EVENTIM AG","Comunicazione","Azionario","680.038,19","0,02","680.038,19","7.147,00","95,15","Germania","Xetra","EUR"
"4716","ORACLE JAPAN CORP","IT","Azionario","666.208,16","0,02","666.208,16","6.200,00","107,45","Giappone","Tokyo Stock Exchange","JPY"
"3038","KOBE BUSSAN LTD","Generi di largo consumo","Azionario","636.832,25","0,02","636.832,25","22.000,00","28,95","Giappone","Tokyo Stock Exchange","JPY"
"WIX","WIX.COM LTD","IT","Azionario","626.804,10","0,02","626.804,10","4.755,00","131,82","Israele","NASDAQ","USD"
"BMED","BANCA MEDIOLANUM","Finanziari","Azionario","610.211,80","0,02","610.211,80","29.740,00","20,52","Italia","Borsa Italiana","EUR"
"U96","SEMBCORP INDUSTRIES LTD","Imprese di servizi di pubblica utilità","Azionario","600.580,84","0,02","600.580,84","125.700,00","4,78","Singapore","Singapore Exchange","SGD"
"BZFUT","CASH COLLATERAL USD BZFUT","Liquidità e/o derivati","Cash Collateral and Margins","575.000,00","0,02","575.000,00","575.000,00","100,00","Stati Uniti","-","USD"
"BKW","BKW N AG","Imprese di servizi di pubblica utilità","Azionario","567.306,09","0,02","567.306,09","2.653,00","213,84","Svizzera","SIX Swiss Exchange","CHF"
"3064","MONOTARO LTD","Industriali","Azionario","544.775,46","0,02","544.775,46","30.800,00","17,69","Giappone","Tokyo Stock Exchange","JPY"
"BCVN","BC VAUD N","Finanziari","Azionario","503.650,68","0,02","503.650,68","4.214,00","119,52","Svizzera","SIX Swiss Exchange","CHF"
"QBR.B","QUEBECOR INC CLASS B","Comunicazione","Azionario","472.219,06","0,01","472.219,06","16.083,00","29,36","Canada","Toronto Stock Exchange","CAD"
"DKK","DKK CASH","Liquidità e/o derivati","Contanti","464.440,73","0,01","464.440,73","2.958.650,00","15,70","Danimarca","-","DKK"
"SGD","SGD CASH","Liquidità e/o derivati","Contanti","419.895,82","0,01","419.895,82","537.845,00","78,07","Singapore","-","SGD"
"CU","CANADIAN UTILITIES LTD CLASS A","Imprese di servizi di pubblica utilità","Azionario","316.269,11","0,01","316.269,11","11.350,00","27,87","Canada","Toronto Stock Exchange","CAD"
"ROCK B","ROCKWOOL CLASS B","Industriali","Azionario","316.104,17","0,01","316.104,17","8.092,00","39,06","Danimarca","Omx Nordic Exchange Copenhagen A/S","DKK"
"IGM","IGM FINANCIAL INC","Finanziari","Azionario","286.343,92","0,01","286.343,92","8.126,00","35,24","Canada","Toronto Stock Exchange","CAD"
"JPY","JPY CASH","Liquidità e/o derivati","Contanti","279.079,59","0,01","279.079,59","40.984.233,00","0,68","Giappone","-","JPY"
"HKD","HKD CASH","Liquidità e/o derivati","Contanti","272.614,36","0,01","272.614,36","2.130.154,00","12,80","Hong Kong","-","HKD"
"ILS","ILS CASH","Liquidità e/o derivati","Contanti","222.694,66","0,01","222.694,66","750.102,00","29,69","Israele","-","ILS"
"SEK","SEK CASH","Liquidità e/o derivati","Contanti","143.211,15","0,00","143.211,15","1.361.530,00","10,52","Svezia","-","SEK"
"NZD","NZD CASH","Liquidità e/o derivati","Contanti","131.181,33","0,00","131.181,33","223.573,00","58,68","Nuova Zelanda","-","NZD"
"NOK","NOK CASH","Liquidità e/o derivati","Contanti","92.804,28","0,00","92.804,28","933.309,00","9,94","Norvegia","-","NOK"
"CHF","CHF CASH","Liquidità e/o derivati","Contanti","78.663,70","0,00","78.663,70","63.053,00","124,76","Svizzera","-","CHF"
"MARGIN_EUR","FUTURES EUR MARGIN BALANCE","Liquidità e/o derivati","Cash Collateral and Margins","-3,19","0,00","-3,19","-3,00","117,18","Unione Europea","-","EUR"
"MARGIN_HKD","FUTURES HKD MARGIN BALANCE","Liquidità e/o derivati","Cash Collateral and Margins","-0,01","0,00","-0,01","0,00","12,80","Hong Kong","-","HKD"
"2299955D","CONSTELLATION SOFTWARE INC","IT","Azionario","0,02","0,00","0,02","2.885,00","0,00","Canada","Toronto Stock Exchange","CAD"
"2587224D","TELECOM ITALIA SPA","Comunicazione","Azionario","34,49","0,00","34,49","1.962.371,00","0,00","Italia","Borsa Italiana","EUR"
"NQU5","NASDAQ 100 E-MINI SEP 25","Liquidità e/o derivati","Futures","0,00","0,00","5.656.740,00","12,00","23.569,75","-","Index And Options Market","USD"
"MFSU5","MSCI EAFE INDEX SEP 25","Liquidità e/o derivati","Futures","0,00","0,00","6.801.200,00","49,00","2.776,00","-","Ice Futures U.S.","USD"
 